{"cameraMode":{"drawMode":0,"name":"Shaded","section":"Shading Mode"},"sceneLighting":false,"audioPlay":false,"sceneViewState":{"showFog":true,"showMaterialUpdate":false,"showSkybox":false,"showFlares":true,"showImageEffects":true,"showParticleSystems":true},"in2DMode":false,"pivot":{"x":0.043974220752716067,"y":0.06352244317531586,"z":0.015388906002044678},"rotation":{"x":-0.3102923631668091,"y":0.5447828769683838,"z":-0.22680668532848359,"w":-0.7453128099441528},"size":0.27151715755462649,"orthographic":false}