{"cameraMode":{"drawMode":0,"name":"Shaded","section":"Shading Mode"},"sceneLighting":false,"audioPlay":false,"sceneViewState":{"showFog":true,"showMaterialUpdate":false,"showSkybox":false,"showFlares":true,"showImageEffects":true,"showParticleSystems":true},"in2DMode":false,"pivot":{"x":-0.12775015830993653,"y":-0.31122758984565737,"z":-0.03550112247467041},"rotation":{"x":0.029317840933799745,"y":0.9294996857643127,"z":-0.0757441520690918,"w":0.35977134108543398},"size":0.8793376088142395,"orthographic":false}