{"cameraMode":{"drawMode":0,"name":"Shaded","section":"Shading Mode"},"sceneLighting":false,"audioPlay":false,"sceneViewState":{"showFog":true,"showMaterialUpdate":false,"showSkybox":false,"showFlares":true,"showImageEffects":true,"showParticleSystems":true},"in2DMode":false,"pivot":{"x":-0.05010329186916351,"y":-0.009776458144187928,"z":-0.05657839775085449},"rotation":{"x":-0.3102923631668091,"y":0.5447828769683838,"z":-0.22680668532848359,"w":-0.7453128099441528},"size":0.6841570734977722,"orthographic":false}